title,company,description,posted_date,views,applications
Senior Python Developer,Infingame,Infingame is extending an invitation to accomplished professionals to become an integral part of our dynamic company as a Senior Python Developer. We are on the lookout for,14:39 05.03.2024,69,10
Senior Python Developer,Hygge Software,"Hygge Software currently is looking for a *Senior Python Developer with experience in HTMX, Alpine.js,* or Django-Unicorn and frontend CSS frameworks like Tailwind CSS or *a",13:39 05.03.2024,6,1
Junior Python Developer,Evowill,"Evowill is looking for a Junior Python Developer to join our team.

Requirements:
- Strong knowledge of Python
- SQL (MySQL, PostgreSQL)
- OOP
- Linux
- Git
- REST",12:42 05.03.2024,1323,478
Software Developer in Test IRC213490,GlobalLogic,"Description:

We have an exciting opportunity for an experienced and passionate Python AQA engineer to join our growing technology team. The successful candidate will work",12:00 05.03.2024,108,10
Senior Python Developer_Competency Lead,Develux,"What are we doing?
Develux is an IT consulting and software development company with products for the US market and outsourcing services worldwide. The company has been",11:16 05.03.2024,10,0
Backend Developer (Python),Volindo,"What is the purpose of this position?
We are looking for a Python Developer (3+ years of commercial experience), who will join a project related to the travel domain. Vacancy",11:08 05.03.2024,203,29
Senior Python Full-Stack Developer,Synergetica,Our customer is developing a complex system for the security and monitoring of the mining industry with extensive usage of AI and sensors placed on various equipment. They offer,10:13 05.03.2024,187,20
Python Developer,Traffic Devils,"–°—Ç—ñ–≤ –î–∂–æ–±—Å –≤–≤–∞–∂–∞–≤, —â–æ —É—Å–ø—ñ—Ö –∫—Ä–∏—î—Ç—å—Å—è —É –ø–æ—î–¥–Ω–∞–Ω–Ω—ñ –∫—Ä–µ–∞—Ç–∏–≤—É —Ç–∞ —Ç–µ—Ö–Ω–æ–ª–æ–≥—ñ–π, —ñ –Ω–µ –ø—Ä–æ–≥–∞–¥–∞–≤.
–í Traffic Devils –∑–Ω–∞—é—Ç—å –ø—Ä–æ —Ü–µ —ñ –Ω–µ –æ–±–º–µ–∂—É—é—Ç—å —É —Ç–≤–æ—Ä—á–æ—Å—Ç—ñ —Ç–∞ –Ω–∞–¥–∞—é—Ç—å —ñ–Ω—Ñ—Ä–∞—Å—Ç—Ä—É–∫—Ç—É—Ä—É",09:01 05.03.2024,108,18
–ê–Ü —Å–ø–µ—Ü—ñ–∞–ª—ñ—Å—Ç –¥–ª—è —ñ–Ω—Ç–µ–≥—Ä–∞—Ü—ñ—ó —á–∞—Ç–±–æ—Ç—ñ–≤,HowSimpl,"–¢–∏ - –µ–∫—Å–ø–µ—Ä—Ç —É —Å—Ñ–µ—Ä—ñ —à—Ç—É—á–Ω–æ–≥–æ —ñ–Ω—Ç–µ–ª–µ–∫—Ç—É —ñ –º–∞—î—à –¥–æ—Å–≤—ñ–¥ —É –ø—ñ–¥–∫–ª—é—á–µ–Ω–Ω—ñ API? –¢–æ–¥—ñ —Ü—è –≤–∞–∫–∞–Ω—Å—ñ—è –¥–ª—è —Ç–µ–±–µ!

–í–∏–º–æ–≥–∏:
- –î–æ—Å–≤—ñ–¥ —É —Ä–æ–∑—Ä–æ–±—Ü—ñ —Ç–∞ —ñ–Ω—Ç–µ–≥—Ä–∞—Ü—ñ—ó —á–∞—Ç–±–æ—Ç—ñ–≤
- –í–º—ñ–Ω–Ω—è —É",21:35 04.03.2024,75,19
Python developer / middle,dZENcode,"–ù–µ–æ–±—Ö—ñ–¥–Ω—ñ –Ω–∞–≤–∏—á–∫–∏:
- –î–æ—Å–≤—ñ–¥ –≤ IT –∫–æ–º–ø–∞–Ω—ñ—ó –Ω–∞ Python - –≤—ñ–¥ 3+ —Ä–æ–∫—É;
- –ó–Ω–∞–Ω–Ω—è —Ñ—Ä–µ–π–º–≤–æ—Ä–∫—É Django;
- –í–ø–µ–≤–Ω–µ–Ω–µ –∑–Ω–∞–Ω–Ω—è Python3;
- –í—ñ–¥–º—ñ–Ω–Ω–µ –∑–Ω–∞–Ω–Ω—è –º–æ–≤–∏ –ø—Ä–æ–≥—Ä–∞–º—É–≤–∞–Ω–Ω—è Python;
-",19:28 04.03.2024,139,13
Senior Software Engineer ( Python/ .Net),N-iX,"At 118 118 Money, we help people every day. Our innovative personal loans and revolutionary credit cards have been game changers in the UK financial services space, giving folks",17:44 04.03.2024,47,4
Senior Python Backend Engineer,Develux,"What are we doing?
Develux is an IT consulting and software development company with products for the US market and outsourcing services worldwide. The company has been on",17:34 04.03.2024,236,50
PHP Developer (With knowledge of Python),Treeum,"Smart Money ‚Äî —Ü–µ –≤–µ–ª–∏–∫–∞, –≤–Ω—É—Ç—Ä—ñ—à–Ω—è, –ø–ª–∞—Ç—Ñ–æ—Ä–º–∞ —É–ø—Ä–∞–≤–ª—ñ–Ω–Ω—è –∫–æ–º—É–Ω—ñ–∫–∞—Ü—ñ—è–º–∏ –∑ –∫–ª—ñ—î–Ω—Ç–∞–º–∏.

–ú–∞—î–º–æ –Ω–∞ –º–µ—Ç—ñ –ø–µ—Ä–µ–ø–∏—Å–∞—Ç–∏ –ø—Ä–æ–¥—É–∫—Ç (–†–ù–†) –Ω–∞ –º—ñ–∫—Ä–æ—Å–µ—Ä–≤—ñ—Å–Ω—É –∞—Ä—Ö—ñ—Ç–µ–∫—Ç—É—Ä—É, –¥–µ –¥–æ–¥–∞—Ç–∫–æ–≤–æ –±—É–¥–µ",17:05 04.03.2024,41,4
Middle Full-Stack Developer (Python +React),Thelassa.fun,"–ú–∏ –º—ñ–∂–Ω–∞—Ä–æ–¥–Ω–∞ –∫–æ–º–ø–∞–Ω—ñ—è –∑ —Ä–æ–∑—Ä–æ–±–∫–∏ –Ü–¢ —Ç–∞ –ø—Ä–æ–≥—Ä–∞–º–Ω–æ–≥–æ –∑–∞–±–µ–∑–ø–µ—á–µ–Ω–Ω—è –∑ –≥–æ–ª–æ–≤–Ω–∏–º –æ—Ñ—ñ—Å–æ–º —É –°–®–ê.
–ù–∞—Ä–∞–∑—ñ —à—É–∫–∞—î–º–æ —Å–ø–µ—Ü—ñ–∞–ª—ñ—Å—Ç–∞ –Ω–∞—à–æ–º—É –∫–ª—ñ—î–Ω—Ç—É - –∫–æ–º–ø–∞–Ω—ñ—ó Intelepeer. Intelepeer - –≤–µ–ª–∏–∫–∞",16:59 04.03.2024,84,17
Senior Software Engineer (Python),Competera,Competera uses Big Data and Deep Learning to change the way retailers do pricing. We are known for both cutting-edge math ‚Äòunder the hood‚Äô and for deep expertise in the,15:56 04.03.2024,115,29
Python developer (IoT/backend),Canyon Development,"Canyon Development –∑–∞–ø—Ä–æ—à—É—î Python Developer –Ω–∞ fulltime –≤ –æ—Ñ—ñ—Å—ñ –º—ñ—Å—Ç–∞ –î–Ω—ñ–ø—Ä–æ.

–í Canyon Development —Å—Ç–≤–æ—Ä—é—î–º–æ —ñ–Ω–Ω–æ–≤–∞—Ü—ñ–π–Ω—ñ –ø—Ä–æ–¥—É–∫—Ç–∏, –∑ –ø–æ–≤–Ω–∏–º —Ü–∏–∫–ª–æ–º —Ä–æ–∑—Ä–æ–±–∫–∏ —Ç–∞ –≤–∏—Ä–æ–±–Ω–∏—Ü—Ç–≤–∞",14:58 04.03.2024,67,13
Senior Python UAV Developer,Quantum,"Quantum is a global technology partner delivering high-end software products that address real-world problems.

We advance emerging technologies for outside-the-box solutions.",14:54 04.03.2024,53,3
Senior Software Engineer (familiar with BigData),DataRoot Labs,"DataRoot Labs is looking for a Senior Backend Engineer! In this role, you will join the client‚Äôs dev team while communicating closely with our Data Science/AI crew to ensure tight",14:16 04.03.2024,114,5
Python Developer,Particles Global,"The customer of Particles Global - The USA-based company - (develops AI-powered software for faster, easier, & smarter accounts payable) - is looking for an ML Ops with Python",13:42 04.03.2024,107,9
Python developer NLU/NLP,SMIDDLE,"Who we are
We are a team of professionals each of whom is dedicated to their work and is constantly working to create products that will help businesses achieve their goals.",12:52 04.03.2024,209,42
ML Ops with Python,Particles Global,"The customer of Particles Global - The USA-based company - (develops AI-powered software for faster, easier, & smarter accounts payable) - is looking for a ML Ops with Python",12:46 04.03.2024,14,0
Strong junior or Middle software engineer (parsing/reverse),Artellence,"Big data, AI —Ç–∞ –æ–±–æ—Ä–æ–Ω–Ω–∞ —Å—Ñ–µ—Ä–∞ ‚Äî —Ü–µ —Ç–µ, —â–æ –º–∏ –ø–æ—î–¥–Ω–∞–ª–∏ —É —Å–≤–æ—ó–π —Ä–æ–±–æ—Ç—ñ. –ü—Ä–∞—Ü—é—î–º–æ ""at the cutting edge of innovation"", –∞–Ω–∞–ª—ñ–∑—É—î–º–æ –≤–µ–ª–∏–∫—ñ –¥–∞–Ω—ñ —ñ–∑ —Å–æ—Ü–º–µ—Ä–µ–∂, —ñ–¥–µ–Ω—Ç–∏—Ñ—ñ–∫—É—î–º–æ –≥—Ä—É–ø–∏ –ª—é–¥–µ–π",12:06 04.03.2024,344,42
Backend Game Developer,GoReel,"Requirements:
‚Äî University degree in mathematics / computer science / technology / engineering;
‚Äî At least 1 years commercial experience as a developer;
‚Äî Strong scripting",12:06 04.03.2024,43,4
Senior Python Backend Engineer for analytic software solution,SSA Group,"SSA Group is looking for a Senior Python Engineer who thrives in an independent, innovation-focused environment and is passionate about solving real-world issues for our",12:06 04.03.2024,27,3
Senior/Principal Python Developer,Sigma Software,"We are looking for a Senior Python Developer to join the AdTech project that helps publishers control Ad traffic revenue. Together, we will use a unique approach to identify",09:53 04.03.2024,44,13
Back-end developer,Northlanddata,"Role Description
Back-end software developer. 
We are looking for a developer to join the team engaged in the development of financial services.
Cryptocurrency, payment",01:20 03.03.2024,348,54
Middle Python Developer,Pecode,"Pecode ‚Äî —Ü–µ –Ü–¢-–∫–æ–º–ø–∞–Ω—ñ—è –∑ 6-—Ä—ñ—á–Ω–∏–º –¥–æ—Å–≤—ñ–¥–æ–º —Ç–∞ –Ω–µ—Ç–∏–ø–æ–≤–∏–º –ø—ñ–¥—Ö–æ–¥–æ–º –¥–æ –æ—Ä–≥–∞–Ω—ñ–∑–∞—Ü—ñ—ó —Ä–æ–±–æ—Ç–∏.

–ú–∏ –±—É–¥—É—î–º–æ —Å–ø—ñ–ª—å–Ω–æ—Ç—É, —è–∫–∞ –Ω–µ –ø—Ä–æ—Å—Ç–æ —Å–ø–æ–≤—ñ–¥—É—î –∫–ª—ñ—î–Ω—Ç–æ–æ—Ä—ñ—î–Ω—Ç–æ–≤–∞–Ω—ñ—Å—Ç—å, –∞ –º–∞—î –∑–∞–¥–∞–≤–∞—Ç–∏",12:26 02.03.2024,281,42
"Full-stack Developer (flask, vue.js)",Matoffo,"We are currently seeking a talented Full-stack Developer to join our team and play a key role in the development of our web applications.

Responsibilities:

-Develop and",19:50 01.03.2024,58,5
Team Lead Python developer,Nayax,"We are looking for a Team Lead python developer to join our team.
In this role, you will be suggesting ideas for automated software test procedures. Besides, you will be",18:32 01.03.2024,43,2
Python Developer,Luxoft,"Project Description:
One of the world's largest providers of products and services to the energy industry has a need to develop and support cloud-based enterprise information",17:20 01.03.2024,95,11
Middle SDET with Python,"Akvelon, Inc",We are seeking an experienced and innovative Middle SDET to join one of our clients' projects. The team of engineers and finance veterans at the forefront of innovation in the,15:54 01.03.2024,251,45
Python Developer,Join.To.IT,"–ú–∏ ‚Äì —É–∫—Ä–∞—ó–Ω—Å—å–∫–∞ –∞—É—Ç—Å–æ—Ä—Å–∏–Ω–≥–æ–≤–∞ –∫–æ–º–ø–∞–Ω—ñ—è Join.To.IT, –±—ñ–ª—å—à–µ 10 —Ä–æ–∫—ñ–≤ —Å—Ç–≤–æ—Ä—é—î–º–æ –ø—Ä–æ–≥—Ä–∞–º–Ω—ñ —Ä—ñ—à–µ–Ω–Ω—è –≤ —Ä—ñ–∑–Ω–∏—Ö —Å—Ñ–µ—Ä–∞—Ö –±—ñ–∑–Ω–µ—Å—É. –ù–∞—à–∞ –∫–æ–º–∞–Ω–¥–∞ —Å–∫–ª–∞–¥–∞—î—Ç—å—Å—è –∑ –¥–æ—Å–≤—ñ–¥—á–µ–Ω–∏—Ö –ø—Ä–æ—Ñ–µ—Å—ñ–æ–Ω–∞–ª—ñ–≤, —è–∫—ñ",13:48 01.03.2024,140,33
Python Developer with AI Experience,Springs,Springs is a software company that has been providing a full cycle of product development for 8 years. The company has implemented over 170 projects. Satisfied customers use,12:44 01.03.2024,660,113
Senior Python Developer,WeCookIT,The Senior Python Developer participates in all phases of the software development lifecycle. He/She is also responsible for writing server-side web application logic. He/she,12:30 01.03.2024,106,15
Senior Python BackEnd Engineer,VeryBusy Recruiting,"–ù–∞—à –∫–ª—ñ—î–Ω—Ç ‚Äì –∞–º–µ—Ä–∏–∫–∞–Ω—Å—å–∫–æ-—É–∫—Ä–∞—ó–Ω—Å—å–∫–∞ SaaS-–∫–æ–º–ø–∞–Ω—ñ—è, –∑–∞—Å–Ω–æ–≤–∞–Ω–∞ –≤ 2009–º—É —Ä–æ—Ü—ñ, —è–∫–∞ –ø—Ä–æ–ø–æ–Ω—É—î –≤—Å–µ –Ω–µ–æ–±—Ö—ñ–¥–Ω–µ –¥–ª—è –º–∞—Å—à—Ç–∞–±—É–≤–∞–Ω–Ω—è Terraform. –¢—Ä–∏ —Ä–æ–∫–∏ –∫–æ–º–ø–∞–Ω—ñ—è –ø—Ä–∞—Ü—é—î –Ω–∞–¥ —Å–≤–æ—ó–º –¥—Ä—É–≥–∏–º",12:20 01.03.2024,148,12
Data Analyst,Cloud Works,"We are considering candidates ONLY from Kharkiv. Now we are working remotely, but after The Victory we will wait for our employees in our office

Requirements:
- At least 0.5+",12:12 01.03.2024,118,24
Senior Python Developer,Bluefield Technologies,"We are currently looking for an experienced Senior Python Engineer to join our team.

Project description
The project involves developing an
 innovative platform that",10:40 01.03.2024,61,11
Python Software Engeneer,,"As part of the engineering team, the Senior Software Engineer will work directly with engineers in a dynamic, open environment, employing the latest techniques and best practices",19:22 29.02.2024,364,71
Python Developer,MintyMint,"Experience Requirements: 3-5+ years of experience
Tech stack requirements:

Python
experience in Interacting with APIs
libraries/frameworks: pytest, pandas, streamlit,",19:10 29.02.2024,231,31
Python Developer (AWS),Yael Acceptic,"Join our team as an experienced Python/AWS Engineer, where you will take a role in building and optimizing our AWS cloud infrastructure. This position requires hands-on experience",19:06 29.02.2024,70,7
Python / AWS Engineer,Yael Acceptic,"Join our team as an experienced Python/AWS Engineer, where you will take a role in building and optimizing our AWS cloud infrastructure. This position requires hands-on experience",18:58 29.02.2024,62,1
Python Developer (+Strong AWS),Yael Acceptic,"Join our team as an experienced Python Developer, where you will take a role in building and optimizing our AWS cloud infrastructure. This position requires hands-on experience",18:46 29.02.2024,55,7
Scraping Engineer,GroupBWT,"About the company
GroupBWT is a consulting firm specializing in data management and the construction of data platforms. Our approach combines classical data warehousing with",18:36 29.02.2024,650,111
Scraping Engineer (outstaff team),GroupBWT,"About the company
GroupBWT is a consulting firm specializing in data management and the construction of data platforms. Our approach combines classical data warehousing with",18:36 29.02.2024,434,50
Senior Python Developer,Numerical Technologies,"Numerical Technologies is a leading provider of custom software solutions and services specializing in risk, limits, and regulatory capital. Right now, we are looking for a Python",18:36 29.02.2024,63,27
Python Developer (+AWS),Yael Acceptic,"Join our team as an experienced Python Developer, where you will take a role in building and optimizing our AWS cloud infrastructure. This position requires hands-on experience",18:34 29.02.2024,205,40
Middle SDET with Python,"Akvelon, Inc",We are seeking an experienced and innovative Middle SDET to join one of our clients' projects. The team of engineers and finance veterans at the forefront of innovation in the,17:08 29.02.2024,87,19
Python Developer (Gamedev),Beetroot,"We are looking for a Python Developer to support games in the DAR Open Network.

Our client is now working on an innovative blockchain-based game. 
The team comprises nearly 20",16:30 29.02.2024,146,37
Middle Python Developer,Radency,"Radency —É –ø–æ—à—É–∫–∞—Ö Middle Python Developer –¥–ª—è —Ä–æ–±–æ—Ç–∏ –Ω–∞–¥ –ø–ª–∞—Ç—Ñ–æ—Ä–º–æ—é –¥–ª—è –º–µ–Ω–µ–¥–∂–º–µ–Ω—Ç—É –æ–ø–µ—Ä–∞—Ü—ñ–π–Ω–∏—Ö –ø—Ä–æ—Ü–µ—Å—ñ–≤ (Operations Management System) –¥–ª—è –≤–∏—Ä–æ–±–Ω–∏—Ü—Ç–≤.

Project:
üëâ OMS,",12:50 29.02.2024,256,65
"Python/Django Web Developer, Middle+",SoftFormance,"–ù–µ–æ–±—Ö—ñ–¥–Ω—ñ –Ω–∞–≤–∏—á–∫–∏
‚Äî 3+ —Ä–æ–∫–∏ –¥–æ—Å–≤—ñ–¥—É —Ä–æ–∑—Ä–æ–±–∫–∏ —Ç–∞ —Ä–æ–∑–≥–æ—Ä—Ç–∞–Ω–Ω—è –≤–µ–±-–¥–æ–¥–∞—Ç–∫—ñ–≤ Python
‚Äî –í—ñ–¥–º—ñ–Ω–Ω–µ —Ä–æ–∑—É–º—ñ–Ω–Ω—è –≤–µ–±-—Ñ—Ä–µ–π–º–≤–æ—Ä–∫—É Django (DRF)
‚Äî –î–æ—Å–≤—ñ–¥ –≤–∏–∫–æ—Ä–∏—Å—Ç–∞–Ω–Ω—è Celery –¥–ª—è –∞—Å–∏–Ω—Ö—Ä–æ–Ω–Ω–∏—Ö",12:50 29.02.2024,383,131
Senior Python Engineer,Academy SMART,"We are seeking an experienced Senior Backend Software Engineer to join our team. In this role, you will contribute significantly to developing highly scalable server-side",11:54 29.02.2024,134,20
Senior Python/Django Engineer,at Apexive,"Apexive is a premier software studio that creates top-notch technology for startups.

We have a remote-first culture, and this position can be based anywhere. We encourage",11:26 29.02.2024,297,70
Python Developer Middle-Senior,ALP.COM,"Company Overview:
We are a dynamic and innovative company at the forefront of cryptocurrency exchange development. Our mission is to provide users with a secure and user-friendly",11:04 29.02.2024,92,31
Senior/Principal Python Developer (AdTech),Sigma Software,"We are looking for a Senior Python Developer to join the AdTech project that helps publishers control Ad traffic revenue. Together, we will use a unique approach to identify",19:06 28.02.2024,11,2
Senior Python Engineer,Ingainer,"Join Dicer.ai as a Senior Python Engineer - AI, Python, APIs, AWS, and More: Shaping the Future of AI-Powered Digital Marketing!

Dicer.ai, pioneering the world of",18:56 28.02.2024,316,98
Django Developer,Dataforest,"Looking for a Django Developer to join the Dataforest team. If you are looking for a friendly team, a healthy working environment, and a flexible schedule ‚Äí you have found the",18:18 28.02.2024,357,63
Python/Django Developer,Dataforest,"If you want to join a profitable, high-growth Dataforest, where you will be working on a large, complex project with an ongoing, full-time position, then this is THE job for",18:08 28.02.2024,566,130
Senior Python Developer,SQRD.tech,"Experience: Minimum 6 years
Industry: Banking and Finance
Location: On-site in Wroc≈Çaw, Poland

Job Description:
We are  seeking a Senior Python Developer with a strong",16:40 28.02.2024,7,1
Senior Python Developer,Boosty Labs,"About the client:

Our client offers a new inflation truth-set to provide reliable financial data for better decision-making. It uses 10 million data points and updates",16:22 28.02.2024,56,14
Senior Python Developer,WizardsDev,"üî•AI Dating project 

Hi, we're looking for a Middle/Senior Python Developer for our project - https://intimate.ai/. Here's the gist: a person interacts with an AI girl on",15:22 28.02.2024,200,64
Python Developer,:DTeam,"About company

:DTEAM is a Ukrainian outsourcing company that is a service provider in the market of IT services. We are developing and growing very quickly. We have a",15:20 28.02.2024,124,36
Software Engineer (Python),SPS Commerce,"What We Expect of You:
We are adding to our engineering staff in our Kyiv office to work with and support our engineering community in Ukraine and the US. We understand that our",14:52 28.02.2024,86,15
Python Backend Developer,Kauri.One,"Fintech-blockchain project as a part of Kauri One. We implement the entire range of financial instruments for processing fiat and cryptocurrencies in one system.
We are looking",13:10 28.02.2024,565,138
Middle Full Stack Engineer,Geniusee,Geniusee is an excellent place to implement your skills and grow as a strategic leader. We are a Ukrainian IT company that develops valuable products and complex custom software,12:56 28.02.2024,70,11
Middle Python Engineer,Geniusee,Geniusee is an excellent place to implement your skills and grow as a strategic leader. We are a Ukrainian IT company that develops valuable products and complex custom software,12:18 28.02.2024,121,17
Senior/Principal Python Developer,Sigma Software,"We are looking for a Senior Python Developer to join the AdTech project that helps publishers control Ad traffic revenue. Together, we will use a unique approach to identify",11:56 28.02.2024,160,26
Senior Python Developer,Luxoft,"Project Description:
One of the world's largest providers of products and services to the energy industry has a need to develop and support cloud-based enterprise information",11:46 28.02.2024,53,11
Senior Python Developer,SimilarDev,"Overview
The company is revolutionizing the way financial institutions ensure consumer protection and regulatory compliance while growing their business. As the only consumer",10:12 28.02.2024,56,23
Middle Python Developer,DNA325,"LAB325, a pioneering software development company specializing in data solutions within the healthcare sector, is looking for an experienced Python Developer to join our team on a",18:44 27.02.2024,107,10
Middle Python Developer/Data Scientist,DNA325,"LAB325, a pioneering software development company specializing in data solutions within the healthcare sector, is looking for an experienced Data Scientist with a strong Python",18:43 27.02.2024,49,2
Python/Django Engineer,Intobi,"Hey guys üëã
We‚Äôre Intobi - a software development company, located in Kyiv üá∫üá¶
Our main specialization is Web & Mobile applications + UI/UX Design.

We‚Äôre looking for a",14:46 27.02.2024,102,18
Python/Django Developer,Intobi,"Hey guys üëã
We‚Äôre Intobi - a software development company, located in Kyiv üá∫üá¶
Our main specialization is Web & Mobile applications + UI/UX Design.

We‚Äôre looking for a",14:40 27.02.2024,156,26
Fullstack Python/React Developer,Elementica,"Build the most meaningful apps on the latest web technologies!

ABOUT ELEMENTICA

Welcome to Elementica! We are excited to see you on our profile. Elementica is a leading",13:54 27.02.2024,169,21
Middle Python Dev,Come Back Agency,"Come Back Agency is a rapidly growing company in the digital field, specializing in developing brands, creating web projects, and designing mobile applications. As we expand our",12:56 27.02.2024,174,69
Senior Software Engineer (Python),Ingainer,"Location: Remote 
Job Type: Full time 

About Us

We are currently operating as a product company. We develop solutions for VC (Venture Capitalists) firms from the",11:16 27.02.2024,417,96
Python Backend Developer (Streaming media),Uvik Software,"Uvik Software is looking for an experienced üü£Backend Developer (Streaming media)üü£ 

üî•About project: Our client is the leading world-wide provider of mobile team collaboration &",11:04 27.02.2024,249,34
Mathematician,EJaw Estonia OU,"–ù–∞—à–∞ –∫–æ–º–∞–Ω–¥–∞ —É –ø–æ—à—É–∫—É Mathematician.

–í–∏–º–æ–≥–∏:
‚Äî –°—Ç—É–ø—ñ–Ω—å –º–∞–≥—ñ—Å—Ç—Ä–∞ –º–∞—Ç–µ–º–∞—Ç–∏–∫–∏ –∞–±–æ –º–∞—Ç–µ–º–∞—Ç–∏—á–Ω–æ –æ—Ä—ñ—î–Ω—Ç–æ–≤–∞–Ω–∏–π –∫—É—Ä—Å;
‚Äî –Ü–Ω—Ç–µ—Ä–µ—Å –¥–æ —ñ–≥–æ—Ä —è–∫ –∑ —Ç–æ—á–∫–∏ –∑–æ—Ä—É –¥–∏–∑–∞–π–Ω–µ—Ä–∞, —Ç–∞–∫ —ñ –∑ —Ç–æ—á–∫–∏ –∑–æ—Ä—É",17:00 26.02.2024,571,79
Strong Middle C++/Python Developer IRC213453,GlobalLogic,"Description:

Our client is a leading world international company which provides a dynamic, automated printing solution allowing users to create and monitor label printing",16:20 26.02.2024,84,7
Data Scrap and ML Specialist (Python),Flai,"We need an expert Python engineer who dreams of becoming a data scientist. If you love music, TikTok, Instagram, Spotify and all around that - you have found the right place to",15:28 26.02.2024,212,70
Python Developer,NikCode,"We are looking for an experienced Python Developer who has experience working with artificial intelligence and its frameworks such as Torch, and also has experience working with",14:42 26.02.2024,613,135
Geospatial Data Engineer (isochrone),HomeOpen,"About HomeOpen

Join us at HomeOpen, a revolutionary company reshaping the real estate landscape through advanced analytics and innovative solutions. We're looking for a",14:34 26.02.2024,100,7
AQA Python,Movadex,Movadex is an award-winning software design and development provider. We deliver exclusive digital products with modern UI/UX using top-notch technologies. Now we are looking for,14:04 26.02.2024,100,34
Tech Lead (Python),1touch,"Tech Lead (Python)
We are looking for a Technical Lead to join our R&D team in Kyiv (remotely).
Our solution Inventa is the best discovery and classification engine that",11:40 26.02.2024,230,34
LLM Specialist with Python Knowledge,AIceberg,"Position Description:
We are looking for an experienced AI/ML developer specialized in LLMs (Large Language Models), such as GPT-3/4 and similar. You will be involved in",11:36 26.02.2024,183,51
Senior Python Developer,Unikoom,"Tripmaker - –ø–æ—î–¥–Ω–∞–Ω–Ω—è —à—Ç—É—á–Ω–æ–≥–æ —Ç–∞ –ø—Ä–∏—Ä–æ–¥–Ω–æ–≥–æ —ñ–Ω—Ç–µ–ª–µ–∫—Ç—É –¥–ª—è –ø–ª–∞–Ω—É–≤–∞–Ω–Ω—è –ø–æ–¥–æ—Ä–æ–∂—ñ, –≤—Ä–∞—Ö–æ–≤—É—é—á–∏ –≤—Å—ñ –æ—Å–æ–±–ª–∏–≤–æ—Å—Ç—ñ, —Å–º–∞–∫–∏ —Ç–∞ –º–æ–∂–ª–∏–≤–æ—Å—Ç—ñ –¥–æ –Ω–∞–π–¥—Ä—ñ–±–Ω—ñ—à–∏—Ö –¥–µ—Ç–∞–ª–µ–π. –î–æ–±—Ä–µ —Ñ—ñ–Ω–∞–Ω—Å–æ–≤–∞–Ω–∏–π",11:32 26.02.2024,136,38
Senior Python Engineer IRC213794,GlobalLogic,"Description:

Our client is one of the leaders in Software as a service in the world of business applications.

You will be working on a data platform.

About the",10:50 26.02.2024,11,4
Senior Python Backend Engineer,ZERO,Today we are looking for a talented Senior Python Backend Engineer to join our team at ZERO for building AI-powered automation tools for time-consuming administrative tasks.,09:38 26.02.2024,324,91
Python Developer (Zagreb),Avalon soft,"About the project:
A set of services for document workflow that involves document generation, modification, and electronic digital signature.

Our technology stack:
Django,",09:14 26.02.2024,29,11
IoT developer  (LoRaWAN),Quintagroup,"Quintagroup is looking for LoRaWAN engineer  to join the development team of IoT solutions. 

RESPONSIBILITIES:
    development with Python
    participation in planning",16:36 25.02.2024,116,12
Senior Python developer,DuckMa Srl,"Dear candidate, DuckMa is a mobile development boutique based in north of Italy and we are looking for a talented Python dev to join our team.

We have two active project you",10:14 25.02.2024,96,17
(CTO) - AI/ML Startup (Cat Recruiter AI),Big Orange Cat,"We're a self-funded Ukrainian Startup/product company that develops AI recruiting solutions to make life of recruiters easier.

Job Description:
As the CTO, you will play a",04:26 24.02.2024,275,37
Python Developer,C-Trust,This is where you and your skills come in. We‚Äôre currently looking for Python Developer to join our team working on the development of a system for automatically managing delivery,17:13 23.02.2024,138,42
Python Developer Middle/Senior,TheWhyKingz,"–ü—Ä–∏–≤—ñ—Ç, –¥—Ä—É–∑—ñ! üñê

–£ –Ω–∞—Å —Å—Ç–∞–±—ñ–ª—å–Ω–æ —ñ –º–∏ –ø–ª–∞–Ω–æ–≤–æ —Ä–æ—Å—Ç–µ–º–æ. –î–æ –Ω–∞—à–æ—ó —á–∏–º–∞–ª–µ–Ω—å–∫–æ—ó –∫–æ–º–∞–Ω–¥–∏ –±–µ–∫—ñ–≤ –ø–æ—Ç—Ä—ñ–±–Ω–æ —â–µ –∞–∂ —Ü—ñ–ª–∏—Ö –¢–†–ò! –Ω–æ–≤–µ–Ω—å–∫–∏—Ö –º–µ–º–±–µ—Ä–∞ —Ä—ñ–≤–Ω—è Strong Middle/Senior –∑ –¥–æ—Å–≤—ñ–¥–æ–º –≤",15:38 23.02.2024,174,83
Middle/Senior BE engineer with Python knowledge,Global17 East,"We are seeking a seasoned Backend Engineer who possesses a passion for crafting cutting-edge solutions. This role involves contributing to the development of our innovative,",14:06 23.02.2024,88,18
Senior Python-focused engineer with BE knowledge,Global17 East,We are seeking a seasoned python-focused engineer who possesses a passion for crafting cutting-edge solutions. This role involves contributing to the development of our,14:06 23.02.2024,56,5
Senior ML Engineer / Data Scientist (Python) IRC213766,GlobalLogic,"Description:
Client is one of the largest multichannel video service provider in the US.

Requirements:
Proven expertise in Machine Learning, specifically in the area",23:10 22.02.2024,64,5
Backend Team Lead (Python),Odore,"As a Backend Team Lead (Python), you will be responsible for leading and mentoring a dynamic team of developers. Your primary focus will be on architecting, designing, and",17:32 22.02.2024,27,5
QA Automation Engineer,PLVision,We invite a Quality Assurance (QA) Automation Engineer with 2+ years of commercial experience in embedded software validation and test automation to join new PLVision‚Äôs project,15:52 22.02.2024,116,15
Middle Python Developer,GlobalLogic,"At the project, we solve transportation challenges across the globe for millions of travelers every day, by delivering real-time transit data feeds to journey planners and a",14:10 22.02.2024,36,16
Senior Python Engineer,SoftHouseGroup,"Our client is a big international SaaS platform that allows salespeople to focus on selling. About 8 years ago, the company started as a startup. Now the main product is a BigData",12:40 22.02.2024,86,17
Python Developer (Data engineering),Dataforest,"We are looking for a proactive and result-oriented Python Developer with data engineering expertise for the International E-commerce Project.

In each position, we provide",11:20 22.02.2024,628,63
Middle Solidity developer,Piligrim IT,We are seeking a skilled Solidity Developer to contribute to the development of a revolutionary decentralized index platform for crypto investors. The project combines unique,16:18 21.02.2024,82,19
Python Engineer,Datrics,"Job description

Join our core team as a Python Engineer, where you'll play a pivotal role in building an AI Data Analyst platform. This role focuses on developing backend",14:56 21.02.2024,711,151
Middle/Senior Solidity developer,Piligrim IT,"Solidity Development:
Design, test, and deploy smart contracts using 3+ years of Solidity experience.

Blockchain Skills:
Understand blockchain fundamentals and",13:50 21.02.2024,77,11
ML/AI Engineer,KVADGroup,"–ü—Ä–∏–≤–µ—Ç—Å—Ç–≤—É—é!

–ù–∞–º –≤ –∫–æ–º–∞–Ω–¥—É –Ω—É–∂–µ–Ω —Å–ø–µ—Ü–∏–∞–ª–∏—Å—Ç –≤ –æ–±–ª–∞—Å—Ç–∏ ML/DL –¥–ª—è —Ä–∞–±–æ—Ç—ã –Ω–∞–¥ –Ω–æ–≤—ã–º–∏ AI –∏–Ω—Å—Ç—Ä—É–º–µ–Ω—Ç–∞–º–∏ –Ω–∞ –±–∞–∑–µ –≥–æ—Ç–æ–≤—ã—Ö open source –º–æ–¥–µ–ª–µ–π, –∞ —Ç–∞–∫–∂–µ –≤–æ–∑–º–æ–∂–Ω–æ –¥–ª—è —Å–æ–∑–¥–∞–Ω–∏—è —Å–≤–æ–∏—Ö",10:53 21.02.2024,147,15
Looking Middle Python Developer,Inquatro,"Looking Middle Python Developer

We are seeking a highly skilled and with excellent communication skills Python developer to join our dynamic team. As a Python back-end",19:24 20.02.2024,200,52
Python Developer,Repetry,"Requirements:
- 5+ of experience in Python development;
- Strong knowledge of Django, and DRF;
- Experience with PyTest;
- Hands-on experience in developing UI components",18:36 20.02.2024,100,35
Python Developer,SBC Digital,"We are - SBC Digital a leading digital marketing company in Europe, specializing in ad optimization platforms that empower media buyers worldwide to optimize their campaigns",17:50 20.02.2024,23,3
Senior Python Software Engineer,InoXoft,We are currently seeking a Python Developer based in the United States to join our rapidly growing project in the Healthcare industry. Responsibilities include software,17:36 20.02.2024,210,69
Senior Backend Engineer (Python),BCD Travel,"We are looking for a person who is passionate about development and is excited to join the team of our Engineers

What you will be doing:
Crafting an elegant,",16:58 20.02.2024,126,36
LLM engineer (Python background),gart.tech,"About Us:
Gart Technology is a rapidly growing software development and engineering company that specializes in delivering high-quality projects for clients across various",16:14 20.02.2024,292,40
Python Developer,AI DATAVERSE,"Technology Stack:

- Python, FastAPI, SQLAlchemy (PostgreSQL), Django
- Celery & Celery Beat, asyncio, asyncpg, aiohttp
- Redis (cache, queue, pubsub) or Pika + RabbitMQ",15:28 20.02.2024,295,21
python developer for algorithmic trading project,NATS,"NATS - —É–∫—Ä–∞—ó–Ω—Å—å–∫–∞ –ø—Ä–æ–¥—É–∫—Ç–æ–≤–∞ –∫–æ–º–ø–∞–Ω—ñ—è , –∑–∞—Å–Ω–æ–≤–∞–Ω–∞ —É 2021 —Ä–æ—Ü—ñ.
–ú–∏ –∑–∞–π–º–∞—î–º–æ—Å—å –∞–ª–≥–æ—Ä–∏—Ç–º—ñ—á–Ω–∏–º —Ö–µ–¥–∂-—Ñ–æ–Ω–¥–æ–º, –∞–ª–≥–æ—Ç—Ä–µ–π–¥–∏–Ω–≥–æ–º. –ê–ª–≥–æ—Ä–∏—Ç–º—ñ—á–Ω–∏–π —Ö–µ–¥–∂-—Ñ–æ–Ω–¥ - —Ü–µ —ñ–Ω–≤–µ—Å—Ç–∏—Ü—ñ–π–Ω–∏–π —Ñ–æ–Ω–¥, —è–∫–∏–π",14:02 20.02.2024,304,77
Senior Python developer,Yalantis,"We‚Äôre looking for an experienced Python developer to join our team.

The client is a financial technology company focusing on reducing compliance-related risk, accelerating",13:52 20.02.2024,42,11
Middle+/Senior Backend Python Developer,Starnavi,"ROLE DESCRIPTION  AND REQUIREMENTS:	
We are seeking a talented Senior Backend Python Developer to join our team. In this role, you will be responsible for designing and",11:39 20.02.2024,293,110
Python developer,Peppernode,"–ú–∏ –∑–Ω–æ–≤—É —Ä–æ–∑—à–∏—Ä—è—î–º–æ—Å—å —ñ —à—É–∫–∞—î–º–æ –¥–µ–≤–µ–ª–æ–ø–µ—Ä–∞ 

–©–æ –¥–ª—è –Ω–∞—Å –≤–∞–∂–ª–∏–≤–æ –≤ –ø–µ—Ä—à—É —á–µ—Ä–≥—É (required):
- –†–æ–∑—É–º—ñ–Ω–Ω—è WEB —Ç–µ—Ö–Ω–æ–ª–æ–≥—ñ–π, Client-Server –∫–æ–º–º—É–Ω—ñ–∫–∞—Ü—ñ—ó
- Python3.8+
-",11:35 20.02.2024,555,188
"Python Developers (Permanent/ requires relocation to Abu Dhabi, UAE)",Aspire Technology,"Looking for an experienced Python developer who will be focused on the development of the server-side logic of a web application, ensuring its high performance, maintainability",10:48 20.02.2024,316,47
Python Embedded Developer,Universium,"Hey there! üëã

We are looking for a Python Embedded Engineer to join our team on a full-time basis. You will be working closely with a team in a funded San Francisco-based",19:34 19.02.2024,119,27
Python Engineer with Computer Vision/AI,Adaptiq,"We are a pioneer in the field of Enhanced Sensory AI, and are proud to say that we have transformed customer and field service sectors. With an impressive portfolio of patents in",18:50 19.02.2024,15,6
Python Django Developer,Digital Brother,"The company is based in Kiev, Uraine. We are specialized in solutions for telecommunications, healthcare, e-learning. The core stack is Python, Django, DRF, PostgreSQL. Usually,",18:42 19.02.2024,717,244
Middle+/Senior Python Developer,OnePlusOne Solutions,"We are looking for a Python Developer with a work schedule after 15:00 Kyiv time to communicate with the client's team.
Part-time position for a trial period, after the trial",17:40 19.02.2024,132,19
Python developer,Chatos.co,"We are outsourcing developers specializing in projects of varying complexity. We are passionate about coding, quality, innovative solutions, tackling new challenges, and pushing",16:50 19.02.2024,806,145
Senior Python Backend Engineer,Develux,"How old is the project? What stage is it at?
We are in the ed-tech space helping hundreds of thousands of students deal with academic hurdles and questions. We have been",16:42 19.02.2024,105,32
Middle Backend Python (Flask) Engineer,Fluvius,"Required Skills:

- Proficiency in Python Flask and SQL with at least 2 years of experience.
- Knowledge of machine learning and recommendation systems is a must.
-",15:00 19.02.2024,83,22
Middle+/Senior Python Developer,Argument,"Looking for an experienced Python engineer who is proficient with Python, Postgres, SQL. The project is a high performance web application to view and analyze domain specific",12:54 19.02.2024,125,34
Python Developer,Dataforest,"Looking for a Python Developer to join the Dataforest team. If you are looking for a friendly team, a healthy working environment, and a flexible schedule ‚Äí you have found the",11:40 19.02.2024,735,93
Python Developer in Test (Apps),Ajax Systems,"About project:
Ajax is an ecosystem whose work is impossible without high-quality and easy-to-use applications. Manual testers and the automation team are responsible for the",11:03 19.02.2024,169,16
Junior Python Developer,Cosmonova Broadcast,Cosmonova Broadcast - —Ü–µ IT —ñ High Tech –¥–ª—è –º–µ–¥—ñ–∞ –±—ñ–∑–Ω–µ—Å—É. –ö–æ–º–ø–∞–Ω—ñ—è –º–∞—î –¥–æ—Å—Ç—É–ø –¥–æ –Ω–∞–π—Å–∏–ª—å–Ω—ñ—à–æ—ó –µ–∫—Å–ø–µ—Ä—Ç–∏–∑—ñ –∑–∞–≤–¥—è–∫–∏ —Å–≤–æ—ó–π –∫–æ–º–∞–Ω–¥—ñ R & D —ñ IT –ø—Ä–æ—Ñ–µ—Å—ñ–æ–Ω–∞–ª—ñ–≤ –∑ –±—ñ–ª—å—à –Ω—ñ–∂ 16-—Ç–∏ —Ä—ñ—á–Ω–∏–º,10:58 19.02.2024,1083,253
Python developer,CyBearSoft,"Looking for a Python developer to:
1) Work on ongoing projects (clients from Europe, UAE, USA);
2) Work on new projects :)

Must have:
‚Äî 3+ years of commercial experience",18:20 18.02.2024,180,57
Python developer (with Supabase exp.),CyBearSoft,"Project: personalized recruiting assistance platform.
 
Must have:
‚Äî 4+ years of commercial experience with Python;
‚Äî Strong Python core knowledge;
‚Äî Django, Django Rest",18:14 18.02.2024,151,53
Python engineer for LLMOps startup,Engenai,"What we expect from you: 
Knowledge and experience with Python 3.9+
Understanding principles of building applications based on OpenAI or other LLMs
Understanding principles of",15:12 18.02.2024,156,35
Senior Backend Developer (Python),Sonerim,"We are looking for a skilled Backend Developer (Python) with a strong passion for technology.

Project description:
European project in the field of green energy",16:16 17.02.2024,115,25
Python  Developer,InStandart,"We are inviting an experienced Python  Developer to join the team of professionals at InStandart.
We are looking for a person for long-term cooperation who likes to develop",19:46 16.02.2024,114,26
Senior/Middle Python Odoo Developer,Turbo.ua,"–¢–µ–±–µ –≤—ñ—Ç–∞—î Turbo.ua ‚Äì —à–≤–∏–¥–∫–∞ –¥–æ—Å—Ç–∞–≤–∫–∞ –ø—Ä–æ–¥—É–∫—Ç—ñ–≤ –ø–æ –ö–∏—î–≤—É.
–ú–∏ –¥–æ–ø–æ–º–∞–≥–∞—î–º–æ –Ω–∞—à–∏–º –∫–ª—ñ—î–Ω—Ç–∞–º –∑–≤—ñ–ª—å–Ω–∏—Ç–∏ —á–∞—Å –¥–ª—è –∂–∏—Ç—Ç—è —ñ —Ä–æ–∑–≤–∏–≤–∞—î–º–æ –Ω—ñ—à—É e-grocery –≤ –£–∫—Ä–∞—ó–Ω—ñ. –°—Ç–∞–≤–∏–º–æ –ø–µ—Ä–µ–¥ —Å–æ–±–æ—é",14:50 16.02.2024,274,74
Python AI/ML Engineer,Trembit,"Trembit is video solution provider that helps clients to utilize video streaming in full with their products. We make R&D or use existing video solutions. Among them: video chats,",13:53 16.02.2024,127,50
Python Developer (Automation team),Ajax Systems,"Ajax Systems ‚Äî —Ü–µ –º—ñ–∂–Ω–∞—Ä–æ–¥–Ω–∞ —Ç–µ—Ö–Ω–æ–ª–æ–≥—ñ—á–Ω–∞ –∫–æ–º–ø–∞–Ω—ñ—è, –Ω–∞–π–±—ñ–ª—å—à–∏–π –≤ –Ñ–≤—Ä–æ–ø—ñ —Ä–æ–∑—Ä–æ–±–Ω–∏–∫ —ñ –≤–∏—Ä–æ–±–Ω–∏–∫ —Å–∏—Å—Ç–µ–º –±–µ–∑–ø–µ–∫–∏ Ajax —ñ–∑ –º–æ–∂–ª–∏–≤–æ—Å—Ç—è–º–∏ —Ä–æ–∑—É–º–Ω–æ–≥–æ –¥–æ–º—É. –¶–µ —Ü—ñ–ª–∞ –µ–∫–æ—Å–∏—Å—Ç–µ–º–∞ –∑—ñ 135",13:26 16.02.2024,145,17
Team Lead Python/Django,Dataforest,"We are seeking a highly skilled and experienced Team Lead Python/Django to join our dynamic team.

As a Team Lead, you will be an expert and a leader, playing a crucial role in",12:54 16.02.2024,178,13
Python Tech Lead,Todor3D,"Requirements:
- Minimum of 4 years of experience in web development.
- Experience in managing small teams is required.
- Proficient in the Python/Flask/Restful/PostgreSQL/Redis",02:48 16.02.2024,126,28
Python fullstack developer,Wheel.me AS,"wheel.me is a startup company working on the world's first autonomous wheel. Join our team to solve real-world robotics problems.

As a fullstack developer you will be",01:58 16.02.2024,74,16
"Python developer (Middle, Senior lvls) for Computer Vision, ML, LLM engineering",DeepX,"DeepX is looking for Computer Vision, ML and LLM engineers.

Please DO NOT respond if you: 
* Have no commercial experience of Python, Computer Vision, ML or LLM work. This",16:00 15.02.2024,837,171
Junior Strong Python Engineer,Geniusee,"Our mission at Geniusee is to help businesses thrive through tech partnership and strengthen the engineering community by sharing knowledge and creating opportunitiesüåø

Our",15:58 15.02.2024,656,237
Python Developer (Scraping),Dataforest,"Looking for a Python Developer (Scraping) to join the Dataforest team. If you are looking for a friendly team, a healthy working environment, and a flexible schedule ‚Äí you",15:56 15.02.2024,606,86
Middle Python Developer,COMPARUS UA,"–ù–∞—à–∞ —Å–ø—ñ–≤–ø—Ä–∞—Ü—è –ø–µ—Ä–µ–¥–±–∞—á–∞—î —Ä–æ–±–æ—Ç—É —Ç—ñ–ª—å–∫–∏ –≤ –æ—Ñ—ñ—Å—ñ –≤ –º—ñ—Å—Ç—ñ –î–Ω—ñ–ø—Ä–æ!

–ú–∏ ‚Äî –ø—Ä–æ–¥—É–∫—Ç–æ–≤–∞ –∫–æ–º–∞–Ω–¥–∞, —â–æ —Å—Ç–≤–æ—Ä—é—î –¥–æ–¥–∞—Ç–æ–∫, –∑–¥–∞—Ç–Ω–∏–π –≤–∏–ª—É—á–∞—Ç–∏ —Ç–∞ —Å—Ç—Ä—É–∫—Ç—É—Ä—É–≤–∞—Ç–∏ –¥–∞–Ω—ñ –∑—ñ —Å–∫–∞–Ω–æ–≤–∞–Ω–∏—Ö —á–∏",15:53 15.02.2024,205,24
Python backend developer,gubadoo,"This is a remote position.

Gubadoo is an exciting startup seeking a skilled Python backend developer with strong communication abilities to join one of our teams for a",15:51 15.02.2024,916,389
Junior Python AI Developer,AI Tech Band,"We are seeking a dynamic Junior Python AI Developer to join our innovative team, focusing on cutting-edge technologies such as FastAPI, OpenAI API, Pandas, SQLAlchemy, Redis, and",15:50 15.02.2024,990,322
Trainee/Junior Python Developer,Cloudy Construction,"Hello,

We are search for Python Developer for low rate salary to automate routine tasks. This is good start point for candidate without experience.
You need to write simple",15:48 15.02.2024,1622,294
Full Stack Python Developer,MaybeWorksüá∫üá¶,"MaybeWorks - –∞–º–±—ñ—Ü—ñ–π–Ω–∞ IT –∫–æ–º–ø–∞–Ω—ñ—è, —è–∫–∞ –≤–∂–µ –±—ñ–ª—å—à–µ –Ω—ñ–∂ 10 —Ä–æ–∫—ñ–≤ —É—Å–ø—ñ—à–Ω–æ –ø—Ä–∞—Ü—é—î –Ω–∞–¥ —Å—Ç–≤–æ—Ä–µ–Ω–Ω—è–º —Ç–∞ –ø—ñ–¥—Ç—Ä–∏–º–∫–æ—é —Å–∫–ª–∞–¥–Ω–∏—Ö –≤–µ–±-–¥–æ–¥–∞—Ç–∫—ñ–≤ –¥–ª—è –∫–ª—ñ—î–Ω—Ç—ñ–≤ –∑ —É—Å—å–æ–≥–æ —Å–≤—ñ—Ç—É. 
–Ø–∫—â–æ –≤–∏",15:47 15.02.2024,1047,186
Backend developer Python for an education app,Bison Tech Solutions,"Vacancy: Backend Developer (Python)

We are in search of a skilled Backend Developer to join our team and contribute to the development of our innovative online education",15:45 15.02.2024,134,35
"Full-stack Developer (Python, Node.js, React)",Merge Development,"We are looking for a Senior Full-stack Engineer (Python, Node.js, React) who will join a team of a Pypestream product. 

You would be embedded in the Pypestream Pro team and",15:42 15.02.2024,256,109
Middle+ FullStack (Vue/Python/Go),3asoft,"The project is a telemedicine and primary care application.
It's a web application project (mobile app is already done).
Important: the customers are from",15:39 15.02.2024,332,90
Middle Python Developer (Django Framework),NeoFin,"–í–∏–º–æ–≥–∏
- –ö–æ–º–µ—Ä—Ü—ñ–π–Ω–∏–π –î–æ—Å–≤—ñ–¥ –ø—Ä–æ–≥—Ä–∞–º—É–≤–∞–Ω–Ω—è –∑ Python –≤—ñ–¥ 12 –º—ñ—Å—è—Ü—ñ–≤.
- –†–æ–∑—É–º—ñ–Ω–Ω—è –≤–∏–≤–µ–¥–µ–Ω—è —á–∞—Å—Ç–∏–Ω –∫–æ–¥—É –≤ Open Source 
- –ó–Ω–∞–Ω–Ω—è Django 
- PostgreSQL
- Django Rest API
-",15:38 15.02.2024,774,260
Middle/Senior Python Developer,Barwenock,"Hi there, 

Are you ready to be at the forefront of digital transformation and drive real change in the IT world? If so, we have a compelling opportunity for you!

Barwenock",15:37 15.02.2024,384,171
Senior Full Stack (Python/JS) Developer with Solidity,Fluvius,"Required Skills:

- 4+ years of experience with Python Django (or Flask);
- 2+ years of experience with React.js (or Angular);
- Proven Solidity development experience;
-",15:36 15.02.2024,31,3
Python Developer,RexIT,RexIT is a team of experts specializing in business automation through IT solutions. We have 9 years of experience in providing services to companies with a large number of,15:34 15.02.2024,672,317
Python Developer,bymdev,"Company Overview:
We are an established travel software company based in New York, looking to expand in team for our in-house software platform.

Location:
Remote 

Key",15:33 15.02.2024,321,92
Backend Python Engineer,Adaptiq,"We are a pioneer in the field of Enhanced Sensory AI, and proud to say that we transformed customer and field service sectors. With an impressive portfolio of patents in AI and",15:32 15.02.2024,149,22
Strong Junior/Middle Backend Developer (Python + Django),Devsteam.cloud,We are an innovative and dynamic company leader in its field. We firmly believe that our employees are our greatest asset and invest significant resources in their growth and,15:29 15.02.2024,1133,247
Senior Java/Python developer,Luxoft,"Project Description:
Applying to the position, you may join one of the most respected and fastest growing institutional investors in the world. Our client is a professional",15:29 15.02.2024,107,7
Machine Learning / Python Developer,Polytech Software,"–ó–∞–ø—Ä–æ—à—É—î–º–æ –¥–æ —Å–ø—ñ–≤–ø—Ä–∞—Ü—ñ Data Scientist —ñ–Ω–∂–µ–Ω–µ—Ä–∞ –∑ –¥–æ—Å–≤—ñ–¥–æ–º –ø—Ä–æ–≥—Ä–∞–º—É–≤–∞–Ω–Ω—è –Ω–∞ Python. –ö–æ–º–∞–Ω–¥–∞ –∑–∞–π–º–∞—î—Ç—å—Å—è —Ä–æ–∑—Ä–æ–±–∫–æ—é –ø—Ä–æ–≥—Ä–∞–º–Ω–∏—Ö –ø—Ä–æ–¥—É–∫—Ç—ñ–≤ –∑ —É–ø—Ä–∞–≤–ª—ñ–Ω–Ω—è IoT –ø—Ä–∏—Å—Ç—Ä–æ—è–º–∏ (—Å–µ–π—Ñ–∏, –∑–∞–º–∫–∏) —Ç–∞",15:20 15.02.2024,384,24
AI Python Developer,Join.To.IT,"–ú–∏ —É–∫—Ä–∞—ó–Ω—Å—å–∫–∞ –∞—É—Ç—Å–æ—Ä—Å –∫–æ–º–ø–∞–Ω—ñ—è Join.To.IT, —Å—Ç–≤–æ—Ä—é—î–º–æ –ø—Ä–æ–≥—Ä–∞–º–Ω—ñ —Ä—ñ—à–µ–Ω–Ω—è —É —Ä—ñ–∑–Ω–∏—Ö —Å—Ñ–µ—Ä–∞—Ö –±—ñ–∑–Ω–µ—Å—É –ø–æ–Ω–∞–¥ 10 —Ä–æ–∫—ñ–≤.
–ù–∞—à–∞ –∫–æ–º–∞–Ω–¥–∞ —Å–∫–ª–∞–¥–∞—î—Ç—å—Å—è –∑ –¥–æ—Å–≤—ñ–¥—á–µ–Ω–∏—Ö –ø—Ä–æ—Ñ–µ—Å—ñ–æ–Ω–∞–ª—ñ–≤, —è–∫—ñ –∑–∞—Ö–æ–ø–ª–µ–Ω—ñ",15:19 15.02.2024,120,16
Data Labelling and Datasets Engineer,DeepX,"DeepX is looking for Data Labelling and Datasets Engineer.

–®—É–∫–∞—î–º–æ —Å–ø–µ—Ü—ñ–∞–ª—ñ—Å—Ç—ñ–≤ –Ω–∞ —Ä–æ–∑–º—ñ—Ç–∫—É –¥–∞—Ç–∞—Å–µ—Ç—ñ–≤ –¥–ª—è Computer Vision —Ç–∞ —ñ–Ω—à–∏—Ö AI/ML –ø—Ä–æ–µ–∫—Ç—ñ–≤. 

Please DO NOT respond if",15:19 15.02.2024,506,106
Junior Python Developer (full stack),Synergy Way,"We are currently seeking a motivated and skilled Junior Python Developer with a passion for full-stack development. 

Required skills:
- Minimum of one year of hands-on",15:15 15.02.2024,873,126
Middle Python (ML) Developer IRC211740,GlobalLogic,"Description:
The client is a French company and European leader in the market for high-value-added communication terminals. European leaders in the market for smart terminals",15:14 15.02.2024,30,5
Reef Technologies Senior Python Backend Engineer,Reef Technlogies,"We‚Äôre about to convince you that you need a new job‚Ä¶ and that you‚Äôve just found the perfect opportunity. We‚Äôre steadily growing, and we‚Äôre continuously looking to expand our team",15:13 15.02.2024,426,59
Junior Python Developer For FinTech Start Up,Digital Sage,We are seeking a talented Junior Python Programmer to join our dynamic team in the Financial sector. The ideal candidate should also possess good writing skills in English and be,15:10 15.02.2024,1113,338
Senior Python Software Engineer with Data Science experience (in Europe),Binariks,"Binariks is looking for a highly motivated and skilled Senior Python Software Engineer with Data Science experience.
Location: Europe

About the project: 
A",15:08 15.02.2024,42,6
Full Stack Developer Python (Django) + React js/Next js,Soft Team,"–ú–∏, –∫–æ–º–ø–∞–Ω—ñ—è SoftTeam, —à—É–∫–∞—î–º–æ  –¥–æ—Å–≤—ñ–¥—á–µ–Ω–æ–≥–æ, –ø—Ä–æ–∞–∫—Ç–∏–≤–Ω–æ–≥–æ —Ç–∞ –∞–º–±—ñ—Ç–Ω–æ–≥–æ Full Stack Developer Python (Django) + React js/Next js, –¥–ª—è —Ä–æ–±–æ—Ç–∏ –Ω–∞–¥ –ø—Ä–æ–µ–∫—Ç–∞–º–∏ –∫–æ–º–ø–∞–Ω—ñ—ó. 

–ó",14:45 15.02.2024,166,24
Junior Python Developer in Test (Apps),Ajax Systems,"Ajax Systems ‚Äî —Ä–æ–∑—Ä–æ–±–Ω–∏–∫ —ñ –≤–∏—Ä–æ–±–Ω–∏–∫ —Å–∏—Å—Ç–µ–º –±–µ–∑–ø–µ–∫–∏ Ajax —ñ–∑ –º–æ–∂–ª–∏–≤–æ—Å—Ç—è–º–∏ —Ä–æ–∑—É–º–Ω–æ–≥–æ –¥–æ–º—É. –¶–µ –±—ñ–ª—å—à–µ 50 –ø—Ä–∏—Å—Ç—Ä–æ—ó–≤, –º–æ–±—ñ–ª—å–Ω—ñ —Ç–∞ –¥–µ—Å–∫—Ç–æ–ø–Ω—ñ –∑–∞—Å—Ç–æ—Å—É–Ω–∫–∏, —Å–µ—Ä–≤–µ—Ä–Ω–∞ —ñ–Ω—Ñ—Ä–∞—Å—Ç—Ä—É–∫—Ç—É—Ä–∞. –£",14:42 15.02.2024,850,64
Middle Python Developer (hybrid),VeryBusy Recruiting,"–ü—Ä–∏–≤—ñ—Ç! –†–æ–∑–≥–ª—è–¥–∞—î–º–æ –∫–∞–Ω–¥–∏–¥–∞—Ç—ñ–≤ –ª–∏—à–µ –∑ –ö–∏—î–≤–∞ - –≥—ñ–±—Ä–∏–¥–Ω–∏–π –≥—Ä–∞—Ñ—ñ–∫ —Ä–æ–±–æ—Ç–∏

–ö–æ–º–ø–∞–Ω—ñ—è ‚Äî —É–∫—Ä–∞—ó–Ω—Å—å–∫–∏–π –∞—É—Ç—Å–æ—Ä—Å, —â–æ —Å—Ç–≤–æ—Ä—é—î –ø—Ä–æ–≥—Ä–∞–º–Ω—ñ —Ä—ñ—à–µ–Ω–Ω—è —É —Ä—ñ–∑–Ω–∏—Ö —Å—Ñ–µ—Ä–∞—Ö –±—ñ–∑–Ω–µ—Å—É –ø–æ–Ω–∞–¥ 10",14:41 15.02.2024,274,46
Prompt engineer,Copaltd,"–í–µ–ª–∏–∫–∏–π —É–∫—Ä–∞—ó–Ω—Å—å–∫–∏–π —Ö–æ–ª–¥–∏–Ω–≥, –¥–æ —Å–∫–ª–∞–¥—É —è–∫–æ–≥–æ –≤—Ö–æ–¥—è—Ç—å –∫–æ–º–ø–∞–Ω—ñ—ó –∞–≥—Ä–∞—Ä–Ω–æ–≥–æ —Ç–∞ –Ω–∞—Ñ—Ç–æ–≥–∞–∑–æ–≤–æ–≥–æ —Å–ø—Ä—è–º—É–≤–∞–Ω–Ω—è, —à—É–∫–∞—î –≤–∏—Å–æ–∫–æ–∫–≤–∞–ª—ñ—Ñ—ñ–∫–æ–≤–∞–Ω–æ–≥–æ PROMPT ENGINEER.



–û—Å–Ω–æ–≤–Ω—ñ –≤–∏–º–æ–≥–∏:

–î–æ—Å–≤—ñ–¥",14:41 15.02.2024,162,24
Junior Python Developer,DevelopsToday,"Our engineering team is expanding and seeking a talented Junior Python Developer to build backend web applications across diverse industries including sports, healthcare, machine",14:39 15.02.2024,2189,659
Middle Python BackEnd Developer,InDevLab ‚Äì Innovations Development Lab,"Position duties

‚Äî  Work as a part of a distributed Development Team.
‚Äî  Design and implementation of low-latency, high-availability, and performant applications.
‚Äî  Lead",14:39 15.02.2024,304,86
Middle/Senior Python Developer,Plex,"Requirements:
- At least 3 years experience with Python 3;
- Familiarity with Python Frameworks: Django, Flask;
- Experience with Reactjs;
- Strong database knowledge:",14:38 15.02.2024,258,84
Lead Backend Engineer (Python),MEGOGO,"–î–æ –∫–æ–º–∞–Ω–¥–∏ MEGOGO —à—É–∫–∞—î–º–æ Lead Backend engineer –¥–ª—è —Ä–æ–∑—Ä–æ–±–∫–∏ –Ω–æ–≤–æ–≥–æ –ø—Ä–æ–¥—É–∫—Ç—É. 

–ù–µ–æ–±—Ö—ñ–¥–Ω—ñ –∑–Ω–∞–Ω–Ω—è —Ç–∞ –Ω–∞–≤–∏—á–∫–∏:
- 6+¬†—Ä–æ–∫—ñ–≤ –¥–æ—Å–≤—ñ–¥—É –∫–æ–º–µ—Ä—Ü—ñ–π–Ω–æ—ó —Ä–æ–∑—Ä–æ–±–∫–∏, –∑ –Ω–∏—Ö –æ—Å—Ç–∞–Ω–Ω—ñ 3+",14:34 15.02.2024,250,14
LLM Specialist with Python Knowledge,AIceberg,"Position Description:
We are looking for an experienced AI/ML developer specialized in LLMs (Large Language Models), such as GPT-3/4 and similar. You will be involved in",14:31 15.02.2024,418,68
Senior Python Developer,Luxoft,"Project Description:
One of the world's largest providers of products and services to the energy industry has a need to develop and support cloud-based enterprise information",14:27 15.02.2024,88,14
Python Engineer with Computer Vision/AI,Adaptiq,"We are a pioneer in the field of Enhanced Sensory AI, and are proud to say that we have transformed customer and field service sectors. With an impressive portfolio of patents in",14:19 15.02.2024,14,5
AI Developer (Next js and Python),Webicient agency,"Join our team at Webicient, an innovative web agency in Sweden that creates stunning websites and applications. We're on a mission to revolutionize the way businesses operate by",14:18 15.02.2024,181,42
Python Developer,Silicon Valley Commerce LLC,"Python Developer (Remote)


Silicon Valley Commerce LLC, a fast-growing e-commerce company based in the United States, is looking to hire a Python Developer to join our dynamic",14:11 15.02.2024,676,172
Str.Middle/Senior Python Developer,Argument,"Looking for an experienced Python engineer who is proficient with Python, Postgres, SQL. The project is a high performance web application to view and analyze domain specific",14:11 15.02.2024,190,63
Python Team Lead,Odore,"We are seeking an experienced Python Team Lead to join our growing team. As a Team Lead, you will play a pivotal role in overseeing and driving the success of our Python",14:01 15.02.2024,123,2
Bootcamp for AI Developers (Python),CGS-team,CGS-team launches AI-focused internship in Machine Learning and Deep Learning. We offer a unique gateway into the dynamic world of artificial,13:56 15.02.2024,759,184
Senior Python Developer,SimilarDev,"The company is revolutionizing the financial industry, offering a comprehensive consumer finance compliance platform that covers the entire compliance cycle. We empower financial",13:51 15.02.2024,36,8
Middle/ Senior Full stack developer (Python / Vue.Js),UnionFlame/Lucky Soft,"–û—Å–≤—ñ—Ç–Ω—ñ–π  start up –ø–æ—Ä—Ç–∞–ª  —à—É–∫–∞—î middle strong/ senior Full stack developer (Python / Vue.Js)
–Ñ–¥–∏–Ω–∏–π —Ä–æ–∑—Ä–æ–±–Ω–∏–∫ –Ω–∞  –ø—Ä–æ–µ–∫—Ç—ñ. –ü–æ—Ç—Ä—ñ–±–Ω–æ –≤–∏–ø—Ä–∞–≤–∏—Ç–∏ –∑–∞—É–≤–∞–∂–µ–Ω–Ω—è –¥–æ –ø—Ä–æ–µ–∫—Ç—É —Ç–∞ –ø–æ—Ç—ñ–º",13:44 15.02.2024,202,37
Middle python Django developer,Feodal,–ú–∏ –∞–≥—Ä–∞—Ä–Ω–∞ IT –∫–æ–º–ø–∞–Ω—ñ—è —â–æ —Å—Ç–≤–æ—Ä—é—î –ø—Ä–æ–¥—É–∫—Ç–∏ –¥–ª—è —Ñ–µ—Ä–º–µ—Ä—ñ–≤ —Ç–∞ —Ç–µ—Ä–∏—Ç–æ—Ä—ñ–∞–ª—å–Ω–∏—Ö –≥—Ä–æ–º–∞–¥ –≤ —Å—Ñ–µ—Ä—ñ —É–ø—Ä–∞–≤–ª—ñ–Ω–Ω—è –¥–∞–Ω–∏–º–∏ –∞–≥—Ä–æ–ø—ñ–¥–ø—Ä–∏—î–º—Å—Ç–≤. –ú–∏ —î –ª—ñ–¥–µ—Ä–∞–º–∏ –Ω–∞ —Ä–∏–Ω–∫—É –≤ —Å—Ñ–µ—Ä—ñ –Ω–∞–¥–∞–Ω–Ω—è –ø–æ—Å–ª—É–≥,13:38 15.02.2024,262,72
Senior Backend Developer (Python) for AI/Web3 Project,,"Join Our AI and Web3 Adventure! At AIgentX, we've evolved from empowering traditional businesses with advanced AI to exploring the exciting realm of Web3. Our team is a vibrant",13:24 15.02.2024,183,58
Python Developer,Pozotron,"Pozotron Inc. is seeking a Python Developer to join our development team. Our small but growing development team, based in Ukraine, is dedicated to creating incredible technology",13:19 15.02.2024,127,42
DevOps Engineer with Clouds and Python,Luxoft,"Project Description:
One of the world's largest providers of products and services to the energy industry has a need to develop and support cloud-based enterprise information",13:12 15.02.2024,41,4
Sr. Software Engineer (python),TrustPoint,"Exciting Job Opportunity: Senior Software Engineer at TrustPoint

Be a Part of Innovation in Risk Management!

TrustPoint, a dynamic and well-funded startup, is",13:03 15.02.2024,137,17
Senior Python Developer,Numerical Technologies,"Numerical Technologies is a leading provider of custom software solutions and services specializing in risk, limits, and regulatory capital. Right now, we are looking for a Senior",13:03 15.02.2024,82,22
Python Developer,P-Product,We are seeking a talented Python Developer to join our team and contribute to the development of machine learning algorithms and the creation of microservices using Django or,13:02 15.02.2024,50,10
Computer Vision engineer,Ethora (Dappros),"DeepX is looking for a Computer Vision engineer
Core requirements:
* Python development experience
* Knowledge of popular data processing libraries (numpy, pandas, scipy",13:02 15.02.2024,510,112
Senior Python Developer,Centum-D,"Requirements:
‚Äî 4+ years of commercial experience in Python Development (with FastAPI/Django);
‚Äî Experience in creating projects from scratch, and further development;
‚Äî",12:49 15.02.2024,140,26
Software engineer (cyber security/high load project),Pakurity,Join the team where you will be involved in the different kinds of data analysis and automation in the Google cloud infrastructure. Flexible work schedule and good salary are,12:44 15.02.2024,391,57
Python Developer - LiDAR Data Processing,GIS-Point,"Hi there!
GIS-Point is a Ukrainian outsourcing company based in Eastern Europe. We are building remote GIS teams in Ukraine for GIS companies and we are the best professionals",12:19 15.02.2024,233,60
Python developer,Prai,"–í–∞–∫–∞–Ω—Å—ñ—è: –†–æ–∑—Ä–æ–±–Ω–∏–∫ Python (Python Developer)
–ü—Ä–æ—à—É —É–≤–∞–∂–Ω–æ —á–∏—Ç–∞—Ç–∏ –æ–ø–∏—Å –≤–∞–∫–∞–Ω—Å—ñ—ó —Ç–∞ –Ω–∞–¥–∞—Ç–∏ –≤—ñ–¥–ø–æ–≤—ñ–¥—ñ –Ω–∞ –ø–æ—Å—Ç–∞–≤–ª–µ–Ω–Ω—ñ –∑–∞–ø–∏—Ç–∞–Ω–Ω—è

–û—Å–Ω–æ–≤–Ω—ñ –æ–±–æ–≤‚Äô—è–∑–∫–∏:

1. –†–æ–∑—Ä–æ–±–∫–∞ —Ç–∞ –ø—ñ–¥—Ç—Ä–∏–º–∫–∞",12:04 15.02.2024,579,99
Senior Python Engineer (Django),ITSoft.co.il,We are seeking a highly skilled Senior Python Developer with extensive experience in Django framework to join our team. The ideal candidate will have a strong background in,11:42 15.02.2024,64,15
Middle (Regular) DevOps with Clouds and Python,Luxoft,"Project Description:
One of the world's largest providers of products and services to the energy industry has a need to develop and support cloud-based enterprise information",11:23 15.02.2024,93,20
Python Developer (Computer Vision),wpwp.bz,"–î–ª—è –º–∞—Å—à—Ç–∞–±—É–≤–∞–Ω–Ω—è miltech-—Å—Ç–∞—Ä—Ç–∞–ø—É —à—É–∫–∞—î–º–æ –≤ –∫–æ–º–∞–Ω–¥—É –¥–æ—Å–≤—ñ–¥—á–µ–Ω–æ–≥–æ –ø—Ä–æ–≥—Ä–∞–º—ñ—Å—Ç–∞, —è–∫–æ–º—É —Ü—ñ–∫–∞–≤–∞ —Ü—è —Å—Ñ–µ—Ä–∞. –ü—Ä–æ–¥—É–∫—Ç —É —Å—Ç–∞–¥—ñ—ó MVP, —Ä–æ–±–æ—Ç–∏ –±–∞–≥–∞—Ç–æ, –≤—Å–µ —Ç–µ—Ä–º—ñ–Ω–æ–≤–æ, —Ç–æ–∂ –Ω–∞–º –ø–æ—Ç—Ä—ñ–±–Ω–∞ –ª—é–¥–∏–Ω–∞,",11:23 15.02.2024,92,4
Senior Odoo —Ä–æ–∑—Ä–æ–±–Ω–∏–∫,Preis HR agency,"–î–ª—è –Ω–∞—à–æ–≥–æ –∫–ª—ñ—î–Ω—Ç–∞, —Å–µ—Ä–≤—ñ—Å–Ω–æ—ó –∫–æ–º–ø–∞–Ω—ñ—ó, —à—É–∫–∞—î–º–æ –¥–æ—Å–≤—ñ–¥—á–µ–Ω–æ–≥–æ Senior Odoo —Ä–æ–∑—Ä–æ–±–Ω–∏–∫–∞ (—Ä–æ–±–æ—Ç–∞ –≤—ñ–¥–¥–∞–ª–µ–Ω–æ).

üìå–ù–µ–æ–±—Ö—ñ–¥–Ω—ñ –Ω–∞–≤–∏—á–∫–∏:

–î–æ—Å–≤—ñ–¥ —Ä–æ–±–æ—Ç–∏ –∑ Odoo –Ω–µ –º–µ–Ω—à–µ 3 —Ä–æ–∫—ñ–≤;
–ì–ª–∏–±–æ–∫—ñ",11:10 15.02.2024,41,1
Python Engineer with experience in AI,Adaptiq,"We are a pioneer in the field of Enhanced Sensory AI, and we are proud to say that we have transformed customer and field service sectors. With an impressive portfolio of patents",12:40 14.02.2024,30,5
Middle+/Senior Back-end Python Developer,ARENA CS,"Gradus ‚Äì —Ü–µ –ø—Ä–æ–¥—É–∫—Ç–æ–≤–∞ –∫–æ–º–ø–∞–Ω—ñ—è, –∞ —Ü–µ –æ–∑–Ω–∞—á–∞—î:
- –∫–æ–∂–µ–Ω —É—á–∞—Å–Ω–∏–∫ –≤ –∫–æ–º–∞–Ω–¥—ñ –≤–ø–ª–∏–≤–∞—î –Ω–∞ —è–∫—ñ—Å—Ç—å —Ç–∞ —Ç–µ—Ö–Ω–æ–ª–æ–≥—ñ—á–Ω—ñ—Å—Ç—å –ø—Ä–æ–¥—É–∫—Ç—É, –ø—Ä–æ–ø–æ–Ω—É—î –ø–æ–∫—Ä–∞—â–µ–Ω–Ω—è, –æ–ø—Ç–∏–º—ñ–∑–∞—Ü—ñ—ó, –Ω–æ–≤–∏–π —Ñ—É–Ω–∫—Ü—ñ–æ–Ω–∞–ª;
-",12:08 14.02.2024,165,50
–°–∏—Å—Ç–µ–º–Ω–∏–π –∞–¥–º—ñ–Ω—ñ—Å—Ç—Ä–∞—Ç–æ—Ä,"–î–ü  ""–î–æ–∫—É–º–µ–Ω—Ç""","–î–µ—Ä–∂–∞–≤–Ω–µ –ü—ñ–¥–ø—Ä–∏—î–º—Å—Ç–≤–æ ""–î–æ–∫—É–º–µ–Ω—Ç"" —à—É–∫–∞—î –¥–æ—Å–≤—ñ–¥—á–µ–Ω–æ–≥–æ —ñ –≤—ñ–¥–¥–∞–Ω–æ–≥–æ —Å–∏—Å—Ç–µ–º–Ω–æ–≥–æ –∞–¥–º—ñ–Ω—ñ—Å—Ç—Ä–∞—Ç–æ—Ä–∞ –¥–ª—è –ø—Ä–∏—î–¥–Ω–∞–Ω–Ω—è –¥–æ –Ω–∞—à–æ—ó –¥–∏–Ω–∞–º—ñ—á–Ω–æ—ó —Ç–∞ —ñ–Ω–Ω–æ–≤–∞—Ü—ñ–π–Ω–æ—ó –∫–æ–º–∞–Ω–¥–∏. –ú–∏ –ø—Ä–æ–ø–æ–Ω—É—î–º–æ –º–æ–∂–ª–∏–≤–æ—Å—Ç—ñ –¥–ª—è",10:04 14.02.2024,37,4
DevOps with Clouds and Python,Luxoft,"Project Description:
One of the world's largest providers of products and services to the energy industry has a need to develop and support cloud-based enterprise information",12:10 13.02.2024,49,13
ML/ CV engineer,Samsung R&D Institute Ukraine,"Job Description:

Apply ML/DL to create biometric authentication solutions:

- computer vision-based person identification technology
- research and development work with",11:18 13.02.2024,87,6
Python Django Developer,Octy,"About us:
Our company works with startups - develop, launch and improve them with modern technologies. Our entire friendly team of talented software engineers work remotely,",10:44 13.02.2024,105,33
Python Engineer with Computer Vision/AI,Adaptiq,"We are a pioneer in the field of Enhanced Sensory AI, and are proud to say that we have transformed customer and field service sectors. With an impressive portfolio of patents in",12:04 12.02.2024,6,0
Middle Python Developer,Dataforest,"Looking for a Middle Python Developer to join the Dataforest team. If you are looking for a friendly team, a healthy working environment, and a flexible schedule ‚Äí you have found",10:12 12.02.2024,376,43
Middle Python Developer,Uployal,"Uployal is a Ukrainian IT company that has been working on creating and improving its product for about 5 years! We have 1.5M+ users using our mobile applications, 50 business",17:20 09.02.2024,167,52
Python Lead,Skillers,"Job Description

Our client - a SaaS platform for managing expert networks that helps make better decisions is looking for a skillful Python Lead to join their team in",11:54 09.02.2024,60,12
Senior/Lead Python Software Engineer,CodeIT,"We are inviting a Senior/Lead Python Software Engineer to join our team.

The project is a hosting platform. We are transforming an old-school data center company into a",13:28 08.02.2024,62,11
Senior Software Engineer (Python),SPS Commerce,"What We Expect of You:
We are adding to our engineering staff in our Kyiv office to work with and support our engineering community in Ukraine and the US. We understand that our",12:48 08.02.2024,51,4
"Senior Data Engineer, Python developer (PySpark)",Forecasa,"Forecasa, an imaginative and fully remote tech startup providing data and analytics for lenders in the real estate space, is seeking a Senior Data Engineer to join our dynamic",18:28 07.02.2024,162,28
Python developer,Ciba Health,"Ciba Health is seeking a highly skilled and experienced Senior Python Developer to join our team on a full-time basis. As a Senior Python Developer, you will be responsible for",14:34 07.02.2024,148,27
Python developer with DB,Thelassa.fun,"–ú–∏ –º—ñ–∂–Ω–∞—Ä–æ–¥–Ω–∞ –∫–æ–º–ø–∞–Ω—ñ—è –∑ —Ä–æ–∑—Ä–æ–±–∫–∏ –Ü–¢ —Ç–∞ –ø—Ä–æ–≥—Ä–∞–º–Ω–æ–≥–æ –∑–∞–±–µ–∑–ø–µ—á–µ–Ω–Ω—è –∑ –≥–æ–ª–æ–≤–Ω–∏–º –æ—Ñ—ñ—Å–æ–º —É –°–®–ê.

–ù–∞—Ä–∞–∑—ñ —à—É–∫–∞—î–º–æ —Å–ø–µ—Ü—ñ–∞–ª—ñ—Å—Ç–∞ –Ω–∞—à–æ–º—É –∫–ª—ñ—î–Ω—Ç—É - –∫–æ–º–ø–∞–Ω—ñ—ó Intelepeer. Intelepeer - –≤–µ–ª–∏–∫–∞",14:12 07.02.2024,62,4
Python Developer / Data Engineer,GlobalLogic,"Zenseact‚Äôs purpose is to make safe and intelligent mobility real, for everyone, everywhere. We develop the complete software stack for ADAS and AD, from sensing to actuation. Our",11:20 07.02.2024,31,8
Python Developer/AI Specialist (LLMs exp),Softermii,"üì≤Project:
Is a leading startup and a provider of an AI-driven system that provides the tools and capabilities to create your own character, communicate with it, and build",17:26 06.02.2024,170,40
Senior Python Fullstack Engineer,GlobalLogic,We are looking for exceptional Senior Software Engineers to work with our cross-functional team and join our world-class community of talented experts in the exciting field of,13:40 06.02.2024,86,7
Engineering Mgr,First Digital Finance Corporation,"Our ideal candidate has‚Ä¶
6+ years of experience as a software developer and 4+ years as team Lead
Expert in Python, with knowledge of at least one Python web framework (such as",07:26 06.02.2024,187,17
Python Backend Developer,Checkbox,"–ü—Ä–æ–¥—É–∫—Ç —Å—Ç—Ä—ñ–º–∫–æ —Ä–æ–∑–≤–∏–≤–∞—î—Ç—å—Å—è —ñ –≤ –∫–æ–º–∞–Ω–¥—É —à—É–∫–∞—î–º–æ –º–æ—Ç–∏–≤–æ–≤–∞–Ω–æ–≥–æ —Ç–∞ –ø—Ä–æ—Ñ–µ—Å—ñ–π–Ω–æ–≥–æ Python Backend —Ä–æ–∑—Ä–æ–±–Ω–∏–∫–∞.

–©–æ –º–∏ –æ—á—ñ–∫—É—î–º–æ –≤—ñ–¥ –∫–∞–Ω–¥–∏–¥–∞—Ç–∞:

Hard Skills
- –û–±–æ–≤'—è–∑–∫–æ–≤–∏–π –¥–æ—Å–≤—ñ–¥",14:30 05.02.2024,526,127
